Workbook

Sheet Anleitung
B2: ILP · Inventar der immateriellen Assets
B3: ISO/IEC 27001:2022, Anhang A 5.9 – Inventar der Informationen und anderen zugehörigen Werte
B5: Version | C5: 0.3 (Entwurf)
B6: Stand | C6: 28.09.2026
B7: Verantwortlich | C7: Reza Nazarian
B8: Klassifizierung | C8: Vertraulich
B9: Geltungsbereich | C9: Interconnected Learning Platform (ILP): Content Factory, Content Delivery (inkl. Lernbegleiter-Dashboard, Learning Management, Lerndatenmessung), AI-Backend inkl. ILA. Alle technischen Komponenten laufen auf Azure.
B10: Nicht enthalten | C10: Physische Assets (Hardware, Standorte, Datenträger). Diese werden in einem eigenen Inventar geführt.
B12: FARBLEGENDE
B13: Gelb hinterlegt | C13: Auszufüllen: Asset Owner (Person oder Rolle mit Entscheidungsbefugnis).
B15: SO WIRD DAS INVENTAR GEPFLEGT
B16: 1. Für jedes Asset einen Asset Owner benennen. A 5.9 verlangt das ausdrücklich.
B17: 2. Neue Assets am Ende der Tabelle mit fortlaufender ID der jeweiligen Kategorie ergänzen (z. B. INF-05).
B18: 3. Das Inventar mindestens jährlich sowie bei wesentlichen Änderungen (neue Komponente, neuer Dienstleister) überprüfen.
B20: KATEGORIEN
B21: INF – Information / Daten | C21: Datenbestände, zusammengefasst nach fachlichem Zweck
B22: APP – Anwendung | C22: Fachanwendungen der ILP
B23: SRC – Quellcode & Konfiguration | C23: Quellcode, Konfiguration, Pipelines, Build-Artefakte, Abhängigkeiten
B24: SVC – Dienst / Service | C24: Genutzte Dienste und Plattformen, intern (Group-IT) und extern
B25: KEY – Zugangsdaten & Schlüssel | C25: Zugangsdaten, kryptografische Schlüssel, Zertifikate, technische Identitäten
B26: VER – Vertrag & Recht | C26: Verträge, Lizenzen, Rechte, Domains
B27: DOK – Dokumentation | C27: Dokumentation mit Nachweis- oder Betriebsrelevanz
B28: PRO – Geschäftsprozess | C28: Geschäftsprozesse (in ISO 27005 „Primärwerte“)
B29: KNW – Wissen & Know-how | C29: Kritisches Wissen von Personen
B30: REP – Reputation | C30: Reputation; dient als Schadenskategorie in der Risikoanalyse
B32: QUELLEN
B33: • | C33: ILP-Datenschutz-Datenverzeichnis.xlsx (v1.0, 01.08.2026)
B34: • | C34: ILP-Technologie-Dokumentation.pdf (v1.0, 19.08.2026)
B35: • | C35: ILP-GitHub-Sicherungskonzept.pdf (v1.0, 02.09.2026)
B36: • | C36: Waiver-Anträge 1–3 (GitHub, DragonflyDB, AKS) vom 01.09.2026

Sheet Übersicht
B2: Übersicht
B3: Alle Werte werden per Formel aus dem Blatt „Asset-Inventar“ berechnet.
B5: Assets gesamt | C5: =COUNTA('Asset-Inventar'!$C$5:$C$300)
B6: davon ohne Asset Owner | C6: =SUMPRODUCT(('Asset-Inventar'!$C$5:$C$300<>"")*('Asset-Inventar'!$H$5:$H$300=""))
B8: Kategorie | C8: Anzahl | D8: ohne Owner
B9: Information / Daten | C9: =COUNTIF('Asset-Inventar'!$B$5:$B$300,$B9) | D9: =SUMPRODUCT(('Asset-Inventar'!$B$5:$B$300=$B9)*('Asset-Inventar'!$H$5:$H$300=""))
B10: Anwendung | C10: =COUNTIF('Asset-Inventar'!$B$5:$B$300,$B10) | D10: =SUMPRODUCT(('Asset-Inventar'!$B$5:$B$300=$B10)*('Asset-Inventar'!$H$5:$H$300=""))
B11: Quellcode & Konfiguration | C11: =COUNTIF('Asset-Inventar'!$B$5:$B$300,$B11) | D11: =SUMPRODUCT(('Asset-Inventar'!$B$5:$B$300=$B11)*('Asset-Inventar'!$H$5:$H$300=""))
B12: Dienst / Service | C12: =COUNTIF('Asset-Inventar'!$B$5:$B$300,$B12) | D12: =SUMPRODUCT(('Asset-Inventar'!$B$5:$B$300=$B12)*('Asset-Inventar'!$H$5:$H$300=""))
B13: Zugangsdaten & Schlüssel | C13: =COUNTIF('Asset-Inventar'!$B$5:$B$300,$B13) | D13: =SUMPRODUCT(('Asset-Inventar'!$B$5:$B$300=$B13)*('Asset-Inventar'!$H$5:$H$300=""))
B14: Vertrag & Recht | C14: =COUNTIF('Asset-Inventar'!$B$5:$B$300,$B14) | D14: =SUMPRODUCT(('Asset-Inventar'!$B$5:$B$300=$B14)*('Asset-Inventar'!$H$5:$H$300=""))
B15: Dokumentation | C15: =COUNTIF('Asset-Inventar'!$B$5:$B$300,$B15) | D15: =SUMPRODUCT(('Asset-Inventar'!$B$5:$B$300=$B15)*('Asset-Inventar'!$H$5:$H$300=""))
B16: Geschäftsprozess | C16: =COUNTIF('Asset-Inventar'!$B$5:$B$300,$B16) | D16: =SUMPRODUCT(('Asset-Inventar'!$B$5:$B$300=$B16)*('Asset-Inventar'!$H$5:$H$300=""))
B17: Wissen & Know-how | C17: =COUNTIF('Asset-Inventar'!$B$5:$B$300,$B17) | D17: =SUMPRODUCT(('Asset-Inventar'!$B$5:$B$300=$B17)*('Asset-Inventar'!$H$5:$H$300=""))
B18: Reputation | C18: =COUNTIF('Asset-Inventar'!$B$5:$B$300,$B18) | D18: =SUMPRODUCT(('Asset-Inventar'!$B$5:$B$300=$B18)*('Asset-Inventar'!$H$5:$H$300=""))
B19: Summe | C19: =SUM(C9:C18) | D19: =SUM(D9:D18)

Sheet Asset-Inventar
A1: ILP · Inventar der immateriellen Assets
A2: Gelb = auszufüllen
A4: Asset-ID | B4: Kategorie | C4: Asset | D4: Beschreibung / Inhalt | E4: Anwendung / Bereich | F4: Speicherort / Plattform | G4: Betrieb durch | H4: Asset Owner
A5: INF-01 | B5: Information / Daten | C5: Kursinhalte | D5: Kursstrukturen und -termine, KI-generierte Storyboards und Quizze, hochgeladene Quelldokumente | E5: Content Factory, Content Delivery | F5: PostgreSQL (Group-IT, Azure); Quelldokumente in Azure Blob Storage | G5: Group-IT / AF EduTech
A6: INF-02 | B6: Information / Daten | C6: Lerndaten | D6: Lernaktivität, Fortschritt, Quiz- und Prüfungsergebnisse, Freitext-Eingaben und Selbstreflexionen, abgeleitete Auswertungen (Profiling) | E6: Content Delivery, AI-Backend | F6: PostgreSQL (Group-IT, Azure) | G6: Group-IT
A7: INF-03 | B7: Information / Daten | C7: Betriebs- und Protokolldaten | D7: Anwendungs-Logs, Audit-Logs, Performance-Metriken | E7: Übergreifend | F7: PostgreSQL (Group-IT, Azure); Azure Monitor | G7: Group-IT / AF EduTech
A8: INF-04 | B8: Information / Daten | C8: Datensicherungen | D8: Sicherungen der PostgreSQL (Voll + PITR) und Spiegel der GitHub-Repositories | E8: Übergreifend | F8: Group-IT (Azure); Azure Blob Storage, unveränderlich | G8: Group-IT / AF EduTech
A9: APP-01 | B9: Anwendung | C9: Content Factory | D9: Arbeitsumgebung für Learning Designer und SMEs: Kursstruktur, Storyboards, Freigabe-Workflow (Rails, React, Sidekiq) | E9: Content Factory | F9: AKS | G9: AF EduTech
A10: APP-02 | B10: Anwendung | C10: Content Delivery | D10: Lernumgebung für Lernende und Lernbegleiter inkl. Lernbegleiter-Dashboard, Learning Management und Lerndatenmessung (Rails, React, SolidQueue) | E10: Content Delivery | F10: AKS | G10: AF EduTech
A11: APP-03 | B11: Anwendung | C11: AI-Backend inkl. ILA | D11: FastAPI und Celery: Dokumentauswertung, Kursgenerierung, Antwortbewertung, Intelligent Learning Assistant | E11: AI-Backend, ILA | F11: AKS (nur intern erreichbar) | G11: AF EduTech
A12: SRC-01 | B12: Quellcode & Konfiguration | C12: Quellcode und Konfiguration | D12: Alle Repositories (Content Factory, Content Delivery, AI-Backend, Infrastruktur) inkl. Prompt-Vorlagen, CI/CD-Pipelines, GitHub-Konfiguration, Reviews und Releases; Open-Source-Abhängigkeiten über Lockfiles | E12: Übergreifend | F12: GitHub (Konzern-Enterprise) | G12: AF EduTech
A13: SRC-02 | B13: Quellcode & Konfiguration | C13: Container-Images | D13: Versionierte Images aller ausgerollten Anwendungsstände | E13: Übergreifend | F13: GitHub Container Registry + Registry in Azure | G13: AF EduTech
A14: SVC-01 | B14: Dienst / Service | C14: Konzern-Services der Group-IT | D14: PostgreSQL-Datenbankservice (zentrale Datenhaltung) und ERP-/TC-Manager-Schnittstelle | E14: Übergreifend | F14: Azure (Betrieb durch Group-IT) | G14: Group-IT
A15: SVC-02 | B15: Dienst / Service | C15: Azure-Betriebsumgebung | D15: AKS, Azure Blob Storage, DragonflyDB, Azure Monitor, Backup-Job für GitHub (Container Apps Job) | E15: Übergreifend | F15: Azure-Tenant der Amadeus Fire | G15: AF EduTech / Microsoft
A16: SVC-03 | B16: Dienst / Service | C16: GitHub Enterprise | D16: Quellcodeverwaltung, Reviews, CI/CD, Container-Registry | E16: Übergreifend | F16: GitHub (Konzern-Account) | G16: Konzern / AF EduTech
... A27: REP-01 | B27: Reputation | C27: Reputation der ILP und der AF EduTech | D27: Vertrauen von Lernenden, Kunden und Konzern in den Umgang mit Lerndaten | E27: Übergreifend | F27: – | G27: Geschäftsführung

Sheet Wertelisten
A1: Kategorie
A2: Information / Daten
A3: Anwendung
A4: Quellcode & Konfiguration
A5: Dienst / Service
A6: Zugangsdaten & Schlüssel
A7: Vertrag & Recht
A8: Dokumentation
A9: Geschäftsprozess
A10: Wissen & Know-how
A11: Reputation
